Name,Location,Website,School Type,Largest Program
Access Careers,"474 Fulton Avenue, Suite 201, Hempstead, New York 11550-0000",www.accesscareers.net/,"< 2-year, Private for-profit","Practical Nursing, Vocational Nursing and Nursing Assistants, Other"
Access Careers-Islandia,"1930 Veterans Highway, Suite 10, Islandia, New York 11749-1599",www.accesscareers.net/,"< 2-year, Private for-profit","Practical Nursing, Vocational Nursing and Nursing Assistants, Other"
Ace Institute of Technology,"312 West 36 Street, 2nd Floor, New York, New York 10018",www.acecareer.edu/,"2-year, Private for-profit",Medical/Clinical Assistant
Adelphi University,"1 South Ave, Garden City, New York 11530-0701",www.adelphi.edu/,"4-year, Private not-for-profit",-
Aesthetic Science Institute,"922 Troy-Schenectady Road, Latham, New York 12110-1095",www.aestheticscienceinstitute.edu/,"< 2-year, Private for-profit",Aesthetician/Esthetician and Skin Care Specialist
Albany BOCES-Adult Practical Nursing Program,"900  Watervliet Shaker Rd, Albany, New York 12205",https://www.capitalregionboces.org/adult-education/classes-programs/,"< 2-year, Public",Licensed Practical/Vocational Nurse Training
Albany College of Pharmacy and Health Sciences,"106 New Scotland Avenue, Albany, New York 12208-3492",www.acphs.edu/,"4-year, Private not-for-profit",-
Albany Law School,"80 New Scotland Avenue, Albany, New York 12208",www.albanylaw.edu/,"4-year, Private not-for-profit",-
Albany Medical College,"47 New Scotland Ave, Albany, New York 12208-3479",www.amc.edu/,"4-year, Private not-for-profit",-
Albert Einstein College of Medicine,"1300 Morris Park Avenue, Bronx, New York 10461-1900",www.einsteinmed.edu/,"4-year, Private not-for-profit",-
Alfred University,"One Saxon Drive, Alfred, New York 14802-1205",www.alfred.edu/,"4-year, Private not-for-profit",-
Allen School-Brooklyn,"188 Montague Street, Brooklyn, New York 11201",www.allenschool.edu/,"< 2-year, Private for-profit",Medical/Clinical Assistant
Allen School-Jamaica,"163-18 Jamaica Avenue, Jamaica, New York 11432",www.allenschool.edu/,"< 2-year, Private for-profit",Medical/Clinical Assistant
Alliance Computing Solutions,"3660 Main Street, 4th Floor, Flushing, New York 11354-6507",www.acs.edu/,"< 2-year, Private for-profit",Medical/Clinical Assistant
Alliance Computing Solutions - NYC,"545 8th Avenue Suite 1210, New York, New York 10018-4313",www.acs.edu/,"< 2-year, Private for-profit",Medical/Clinical Assistant
American Academy McAllister Institute of Funeral Service,"1501 Broadway, 11th Floor, Suite 1102, New York, New York 10036",www.funeraleducation.org/,"2-year, Private not-for-profit",-
American Academy of Dramatic Arts-New York,"120 Madison Ave, New York, New York 10016",www.aada.edu/,"2-year, Private not-for-profit",-
American Beauty School,"1380 Metropolitan Avenue, Bronx, New York 10462",www.americanbeautyschool.edu/,"< 2-year, Private for-profit","Cosmetology/Cosmetologist, General"
American Musical and Dramatic Academy,"211 West 61st Street, New York, New York 10023",www.amda.edu/,"4-year, primarily associate's, Private not-for-profit",-
AMG School of Nursing,"110 Bridge Street, Brooklyn, New York 11201-1728",amg.edu/,"2-year, Private for-profit",Licensed Practical/Vocational Nurse Training
Apex Technical School,"11-05 44th Drive, Long Island City, New York 11101",www.apexschool.com/,"< 2-year, Private for-profit",Electrician
Arnot Ogden Medical Center,"600 Roe Avenue, Elmira, New York 14905-1676",www.arnothealth.org/,"2-year, Private not-for-profit",Registered Nursing/Registered Nurse
Arrojo Cosmetology School,"56 King St., New York, New York 10014",www.arrojocosmetology.com/,"< 2-year, Private for-profit","Cosmetology/Cosmetologist, General"
Associated Beth Rivkah Schools,"310 Crown Street, Brooklyn, New York 11225-0000",https://www.bethrivkah.edu/dhl,"4-year, primarily associate's, Private not-for-profit",-
Atelier Esthetique Institute of Esthetics,"226 East 26th Street 7th Floor, New York, New York 10001",www.aeinstitute.net/,"< 2-year, Private for-profit",Aesthetician/Esthetician and Skin Care Specialist
Austin Medical Assistant Training,"109-15 72nd Road, Unit 1A, Forest Hills, New York 11375-0000",https://amat.edu/,"2-year, Private for-profit",Medical Office Assistant/Specialist
Aveda Arts & Sciences Institute-New York,"233 Spring St, New York, New York 10013",avedaarts.edu/,"< 2-year, Private for-profit","Cosmetology/Cosmetologist, General"
Bais Binyomin Academy,"51 Carlton Road, Monsey, New York 10952",https://baisbinyominacademy.com/,"4-year, primarily associate's, Private not-for-profit",-
Bais Medrash Elyon,"73 Main Street, Monsey, New York 10952",baismedroshelyon.com/,"4-year, Private not-for-profit",-
Bais Medrash of Dexter Park,"445 South Pascack Road, Chestnut Ridge, New York 10977",https://bmdpark.com/,"4-year, primarily associate's, Private not-for-profit",-
Bank Street College of Education,"610 W 112 St, New York, New York 10025",www.bankstreet.edu/,"4-year, Private not-for-profit",-
Barber & Beauty Institute of New York,"266 Greenwich Street, Hempstead, New York 11550-6317",www.bbiny.edu/#,"< 2-year, Private for-profit",Barbering/Barber
Bard College,"Annandale Road, Annandale-On-Hudson, New York 12504-5000",www.bard.edu/,"4-year, Private not-for-profit",-
Bard College - Albion Correctional Facility,"3595 State School Road, Albion, New York 14411-9399",https://www.bard.edu/,"4-year, Private not-for-profit",-
Bard College - Bard Globalization and International Affairs Program,"108 West 39th Street Suite 1000A, New York, New York 10018-3614",https://www.bard.edu/,"4-year, Private not-for-profit",-
Bard College - Brooklyn Public Library,"10 Grand Army Plaza, Brooklyn, New York 11238-5619",https://www.bard.edu/,"2-year, Private not-for-profit",-
Bard College - Coxsackie Correctional Facility,"11260 Route 9W, Coxsackie, New York 12051-0200",https://www.bard.edu/,"< 2-year, Private not-for-profit",-
Bard College - Eastern NY Correctional Facility,"30 Institution Road, Napanoch, New York 12458-0338",https://www.bard.edu/,"4-year, Private not-for-profit",-
Bard College - Fishkill Correctional Facility,"18 Strack Drive, Beacon, New York 12508-0307",https://www.bard.edu/,"4-year, Private not-for-profit",-
Bard College - Green Haven Correctional Facility,"594 Route 216, Stormville, New York 12582-0010",https://www.bard.edu/,"4-year, Private not-for-profit",-
"Bard College - New York Public Library, Countee Cullen Branch","104 West 136th Street New York Public Library, New York, New York 10030-2601",https://www.bard.edu/,"2-year, Private not-for-profit",-
Bard College - Taconic Correctional Facility,"250 Harris Road, Bedford Hill, New York 10507-2497",https://www.bard.edu/,"4-year, Private not-for-profit",-
Bard College - Woodbourne Correctional Facility,"99 Prison Road, Woodbourne, New York 12788-1000",https://www.bard.edu/,"4-year, Private not-for-profit",-
Barnard College,"3009 Broadway, New York, New York 10027-6598",www.barnard.edu/,"4-year, Private not-for-profit",-
Be'er Yaakov Talmudic Seminary,"12 Truman Avenue, Spring Valley, New York 10977",www.byts.edu/,"4-year, Private not-for-profit",-
Beis Medrash Heichal Dovid,"211 Beach Seventeenth Street, Far Rockaway, New York 11691-4433",www.heichaldovid.org/,"4-year, Private not-for-profit",-
Belanger School of Nursing,"650 McClellan St, Schenectady, New York 12304",www.ellismedicine.org/school-of-nursing/,"2-year, Private not-for-profit",-
Berk Trade and Business School,"33-09 Queens Boulevard, Long Island City, New York 11101-8120",www.berktradeschool.com/,"< 2-year, Private for-profit","Electrical and Power Transmission Installation/Installer, General"
Berkeley College-New York,"3 East 43 Street, New York, New York 10017",https://berkeleycollege.edu/,"4-year, Private for-profit",-
Berkowits School of Electrolysis,"107-25 Metropolitan Avenue, Forest Hills, New York 11375-6820",estheticsschoolny.com/,"< 2-year, Private for-profit",Electrolysis/Electrology and Electrolysis Technician
Bet Medrash Gadol Ateret Torah,"1750 East Fourth Street, Brooklyn, New York 11223-1933",betmedrashgadolaterettorah.com/,"4-year, Private not-for-profit",-
Beth Hamedrash Shaarei Yosher Institute,"4102 16th Ave, Brooklyn, New York 11204",bhsy.edu/,"4-year, primarily associate's, Private not-for-profit",-
Beth Medrash Meor Yitzchok,"85 Dykstras Way East, Monsey, New York 10952-4023",https://bethmedrashmeoryitzchok.com/,"4-year, primarily associate's, Private not-for-profit",-
Binghamton University,"4400 Vestal Parkway East, Vestal, New York 13850-6000",www.binghamton.edu/,"4-year, Public",-
Bnos Zion Of Bobov Seminary,"5000 14th Avenue, Brooklyn, New York 11219-3621",https://www.bnoszionbobov.com/,"2-year, Private not-for-profit",-
Boricua College,"3755 Broadway, New York, New York 10032-1560",https://www.boricuacollege.edu/,"4-year, Private not-for-profit",-
Brittany Beauty Academy,"210 East 188th St, Bronx, New York 10458",https://brittanyacademy.edu/,"< 2-year, Private for-profit",Aesthetician/Esthetician and Skin Care Specialist
Brittany Beauty Academy,"375 86th Street, Brooklyn, New York 11209",brittanyacademy.edu/,"< 2-year, Private for-profit",Aesthetician/Esthetician and Skin Care Specialist
Brittany Beauty Academy,"3274 Hempstead Turnpike, Levittown, New York 11756-1345",https://brittanyacademy.edu/,"< 2-year, Private for-profit","Cosmetology/Cosmetologist, General"
Brooklyn Law School,"250 Joralemon St, Brooklyn, New York 11201",www.brooklaw.edu/,"4-year, Private not-for-profit",-
Broome Delaware Tioga BOCES-Practical Nursing Program,"1100 East Main Street, Endicott, New York 13760",www.btboces.org/,"< 2-year, Public",Licensed Practical/Vocational Nurse Training
Bryant & Stratton College-Albany,"1259 Central Ave, Albany, New York 12205",https://www.bryantstratton.edu/,"4-year, primarily associate's, Private not-for-profit",-
Bryant & Stratton College-Amherst,"3650 Millersport Highway, Getzville, New York 14068",https://www.bryantstratton.edu/,"4-year, Private not-for-profit",-
Bryant & Stratton College-Buffalo,"110 Broadway, 2nd Floor, Buffalo, New York 14203",https://www.bryantstratton.edu/,"4-year, primarily associate's, Private not-for-profit",-
Bryant & Stratton College-Greece,"854 Long Pond Road, Rochester, New York 14612",https://www.bryantstratton.edu/,"4-year, primarily associate's, Private not-for-profit",-
Bryant & Stratton College-Henrietta,"1225 Jefferson Rd, Rochester, New York 14623",https://www.bryantstratton.edu/,"4-year, Private not-for-profit",-
Bryant & Stratton College-Online,"200 Redtail Rd, Orchard Park, New York 14127",https://www.bryantstratton.edu/,"4-year, primarily associate's, Private not-for-profit",-
Bryant & Stratton College-Southtowns,"Sterling Park - 180 Redtail Rd., Orchard Park, New York 14127",https://www.bryantstratton.edu/,"4-year, Private not-for-profit",-
Bryant & Stratton College-Syracuse,"953 James St, Syracuse, New York 13203-2502",https://www.bryantstratton.edu/,"2-year, Private not-for-profit",-
Bryant & Stratton College-Syracuse North,"7805 Oswego Rd, Liverpool, New York 13090",https://www.bryantstratton.edu/,"4-year, primarily associate's, Private not-for-profit",-
Canisius University,"2001 Main Street, Buffalo, New York 14208-1098",https://www.canisius.edu/,"4-year, Private not-for-profit",-
Capri Cosmetology Learning Centers,"251 West Route 59, Nanuet, New York 10954",caprinow.edu/,"< 2-year, Private for-profit","Cosmetology/Cosmetologist, General"
Career School of NY,"350 St. Marks Pl, Staten Island, New York 10301",careerschoolny.com/,"< 2-year, Private not-for-profit",Aesthetician/Esthetician and Skin Care Specialist
Cattaraugus Allegany BOCES-Practical Nursing Program,"1825 Windfall Rd, Olean, New York 14760",www.caboces.org/,"< 2-year, Public",Licensed Practical/Vocational Nurse Training
Cayuga County Community College,"197 Franklin Street, Auburn, New York 13021-3099",https://www.cayuga-cc.edu/,"2-year, Public",-
Cayuga Onondaga BOCES-Practical Nursing Program,"Center for Learning 12 Allen Street, Auburn, New York 13021",www.cayboces.org/,"< 2-year, Public",-
Center for Allied Health Education,"1401 Kings Highway, Brooklyn, New York 11229",https://www.cahe.edu/,"2-year, Private for-profit",Diagnostic Medical Sonography/Sonographer and Ultrasound Technician
"Center for Instruction, Technology & Innovation","179 County  Route 64, Mexico, New York 13114",https://www.citiboces.org/domain/14,"< 2-year, Public",Licensed Practical/Vocational Nurse Training
Center for Ultrasound Research & Education,"333 Westchester Avenue Suite 101 West, White Plains, New York 10604",www.cure.edu/,"2-year, Private for-profit",Diagnostic Medical Sonography/Sonographer and Ultrasound Technician
Central Yeshiva Beth Joseph,"1502 Avenue N, Brooklyn, New York 11230-6043",https://centralyeshivabethjoseph.com/,"4-year, Private not-for-profit",-
Central Yeshiva Tomchei Tmimim Lubavitz,"885 Eastern Parkway, Brooklyn, New York 11213-2798",https://cyttl.edu/,"4-year, Private not-for-profit",-
Charles Stuart School of Diamond Setting,"1420 Kings Hwy 2nd Fl, Brooklyn, New York 11229",charlesstuartschool.com./,"< 2-year, Private for-profit",Locksmithing and Safe Repair
"Christine Valmy International School for Esthetics, Skin Care & Makeup","1501 Broadway Suite 700, New York, New York 10036",https://www.christinevalmy.com/,"< 2-year, Private for-profit",Aesthetician/Esthetician and Skin Care Specialist
Circle in the Square Theatre School,"1633 Broadway, New York, New York 10019-6795",www.circlesquare.org/,"2-year, Private not-for-profit",-
Clarkson University,"8 Clarkson Ave, Potsdam, New York 13699",https://www.clarkson.edu/,"4-year, Private not-for-profit",-
Clarkson University Capital Region Campus,"80 Nott Terrace, Schenectady, New York 12308",https://www.clarkson.edu/academics/graduate,"4-year, Private not-for-profit",-
Clinton Community College,"136 Clinton Point Dr., Plattsburgh, New York 12901",https://www.clinton.edu/,"2-year, Public",-
Clinton Essex Warren Washington BOCES,"1585 Military Turnpike, Plattsburgh, New York 12901-0455",www.cves.org/,"< 2-year, Public",Licensed Practical/Vocational Nurse Training
Cochran School of Nursing,"967 North Broadway-Andrus Pavillion-Saint John's Riverside,  HOSP, Yonkers, New York 10701",www.cochranschoolofnursing.us/,"2-year, Private not-for-profit",-
Colgate Rochester Crozer Divinity School,"320 North Goodman St, Suite 207, Rochester, New York 14607",https://www.crcds.edu/,"4-year, Private not-for-profit",-
Colgate University,"13 Oak Drive, Hamilton, New York 13346-1398",https://www.colgate.edu/,"4-year, Private not-for-profit",-
College of Staten Island CUNY,"2800 Victory Blvd, Staten Island, New York 10314",www.csi.cuny.edu/,"4-year, Public",-
Columbia University in the City of New York,"West 116 St and Broadway, New York, New York 10027",www.columbia.edu/,"4-year, Private not-for-profit",-
Columbia-Greene Community College,"4400 Route 23, Hudson, New York 12534",https://www.sunycgcc.edu/,"2-year, Public",-
Congregation Talmidei Mesivta Tiferes Shmiel Aleksander,"1535 63rd Street, Brooklyn, New York 11219-5440",yeshivaaleksander.org/,"4-year, Private not-for-profit",-
Continental School of Beauty Culture-Mattydale,"2803 Brewerton Road, Mattydale, New York 13211-1003",continentalschoolofbeauty.edu/,"< 2-year, Private for-profit",Aesthetician/Esthetician and Skin Care Specialist
Continental School of Beauty Culture-Rochester,"633 Jefferson Rd, Rochester, New York 14623",continentalschoolofbeauty.edu/,"< 2-year, Private for-profit",Aesthetician/Esthetician and Skin Care Specialist
Continental School of Beauty Culture-West Seneca,"1050 Union Rd, West Seneca, New York 14224",continentalschoolofbeauty.edu/,"< 2-year, Private for-profit",Aesthetician/Esthetician and Skin Care Specialist
Cornell University,"300 Day Hall, Ithaca, New York 14853",www.cornell.edu/,"4-year, Private not-for-profit",-
Culinary Institute of America,"1946 Campus Drive, Hyde Park, New York 12538-1499",www.ciachef.edu/,"4-year, primarily associate's, Private not-for-profit",-
Culinary Tech Center,"303 Quarropas Street, White Plains, New York 10601",www.culinarytechcenter.edu/,"< 2-year, Private for-profit","Cooking and Related Culinary Arts, General"
CUNY Bernard M Baruch College,"One Bernard Baruch Way (55 Lexington Ave at 24th St), New York, New York 10010",www.baruch.cuny.edu/,"4-year, Public",-
CUNY Borough of Manhattan Community College,"199 Chambers St, New York, New York 10007",www.bmcc.cuny.edu/,"2-year, Public",-
CUNY Bronx Community College,"2155 University Avenue, Bronx, New York 10453",www.bcc.cuny.edu/,"2-year, Public",-
CUNY Brooklyn College,"2900 Bedford Ave, Brooklyn, New York 11210",www.brooklyn.cuny.edu/,"4-year, Public",-
CUNY Brooklyn College - Feirstein Graduate School of Cinema,"25 Washington Avenue, Brooklyn, New York 11205-1202",www.brooklyn.edu/feirstein/,"4-year, Public",-
CUNY City College,"160 Convent Ave, New York, New York 10031",www.ccny.cuny.edu/,"4-year, Public",-
CUNY Graduate School and University Center,"365 Fifth Ave, New York, New York 10016",www.gc.cuny.edu/,"4-year, Public",-
CUNY Hostos Community College,"500 Grand Concourse, Bronx, New York 10451",www.hostos.cuny.edu/,"2-year, Public",-
CUNY Hunter College,"695 Park Ave, New York, New York 10065",www.hunter.cuny.edu/,"4-year, Public",-
CUNY John Jay College of Criminal Justice,"524 W 59th St, New York, New York 10019",www.jjay.cuny.edu/,"4-year, Public",-
CUNY Kingsborough Community College,"2001 Oriental Blvd, Brooklyn, New York 11235",www.kbcc.cuny.edu/,"2-year, Public",-
CUNY LaGuardia Community College,"31-10 Thomson Ave, Long Island City, New York 11101",www.lagcc.cuny.edu/,"2-year, Public",-
CUNY Lehman College,"250 Bedford Park Blvd West, Bronx, New York 10468",www.lehman.edu/,"4-year, Public",-
CUNY Medgar Evers College,"1650 Bedford Ave, Brooklyn, New York 11225",https://www.mec.cuny.edu/,"4-year, Public",-
CUNY New York City College of Technology,"300 Jay St, Brooklyn, New York 11201",www.citytech.cuny.edu/,"4-year, Public",-
CUNY Queens College,"65-30 Kissena Blvd, Queens, New York 11367",https://www.qc.cuny.edu/,"4-year, Public",-
CUNY Queensborough Community College,"222-05 56th Ave, Bayside, New York 11364-1497",www.qcc.cuny.edu/,"2-year, Public",-
CUNY School of Law,"2 Court Square, Long Island City, New York 11101",https://www.law.cuny.edu/,"4-year, Public",-
CUNY Stella and Charles Guttman Community College,"50 West 40th Street, New York, New York 10018-2602",https://www.guttman.cuny.edu/,"2-year, Public",-
CUNY York College,"94-20 Guy R. Brewer Blvd, Jamaica, New York 11451",www.york.cuny.edu/,"4-year, Public",-
CVPH Medical Center School of Radiologic Technology,"75 Beekman St, Plattsburgh, New York 12901-1438",www.cvph.org/Residency-and-Education/School-of-Radiology/,"2-year, Private not-for-profit",Radiologic Technology/Science - Radiographer
Daemen University,"4380 Main St, Amherst, New York 14226-3592",www.daemen.edu/,"4-year, Private not-for-profit",-
Davis College,"4230 Glendale Road, Pottersville, New York 12860-2300",https://davisny.edu/,"4-year, Private not-for-profit",-
Delaware Chenango Madison Otsego BOCES-Practical Nursing Program,"6678 County Rd 32, Norwich, New York 13815-3554",www.dcmoboces.com/,"< 2-year, Public",Licensed Practical/Vocational Nurse Training
Derech Hachaim Seminary,"5 Israel Zupnik Drive, Monroe, New York 10950-6300",derechhachaimseminary.com/,"2-year, Private not-for-profit",-
DeVry College of New York,"180 Madison Ave, Ste 1100, New York, New York 10016",https://www.devry.edu/,"4-year, Private for-profit",-
Digital Film Academy,"630 9th Ave Ste 901, New York, New York 10036",www.digitalfilmacademy.edu/,"2-year, Private for-profit","Web Page, Digital/Multimedia and Information Resources Design"
Dominican University New York,"470 Western Highway, Orangeburg, New York 10962-1210",www.duny.edu/,"4-year, Private not-for-profit",-
Dutchess BOCES-Practical Nursing Program,"5 BOCES Road, Poughkeepsie, New York 12601-6599",https://www.dcboces.org/cti/lpn,"< 2-year, Public",Licensed Practical/Vocational Nurse Training
Dutchess Community College,"53 Pendell Rd, Poughkeepsie, New York 12601-1595",https://www.sunydutchess.edu/,"2-year, Public",-
D'Youville  University,"320 Porter Ave, Buffalo, New York 14201-1084",www.dyu.edu/,"4-year, Private not-for-profit",-
Eastern Suffolk BOCES,"375 Locust Avenue, Oakdale, New York 11769-1650",https://adulteducation.esboces.org/programs-services/cosmetology-program/about-cosmetology,"< 2-year, Public","Cosmetology/Cosmetologist, General"
Eastern Suffolk BOCES,"970 North Griffing Avenue, Riverhead, New York 11901-2763",https://adulteducation.esboces.org/programs-services/cosmetology-program/about-cosmetology,"< 2-year, Public","Cosmetology/Cosmetologist, General"
Eastern Suffolk BOCES,"30 Greene Avenue, Sayville, New York 11782",https://adulteducation.esboces.org/programs-services/eastern-suffolk-school-of-practical-nursing/nursing,"< 2-year, Public",Licensed Practical/Vocational Nurse Training
EDP School,"1601 Voorhies Ave 2nd Floor, Brooklyn, New York 11235",edpschool.edu/,"< 2-year, Private not-for-profit",Medical Office Assistant/Specialist
Electrical and HVAC/R Training Center,"65 Elm St., Copiague, New York 11726",https://www.electricaltrainingcenter.edu/,"< 2-year, Private for-profit",Electrical and Electronics Engineering
Elim Bible Institute and College,"7245 College Street, Lima, New York 14485-9704",https://elim.edu/,"4-year, primarily associate's, Private not-for-profit",-
Elmezzi Graduate School of Molecular Medicine,"350 Community Drive, Manhasset, New York 11030-3816",www.northwell.edu/education-and-resources/elmezzi-graduate-school-of-molecular-medicine,"4-year, Private not-for-profit",-
Elmira College,"One Park Place, Elmira, New York 14901",https://www.elmira.edu/,"4-year, Private not-for-profit",-
Elyon College,"1400 West 6th Street, Brooklyn, New York 11204-4801",elyon.edu/,"2-year, Private not-for-profit",-
Empire Beauty School-Brooklyn,"2384 86th St, Brooklyn, New York 11214",www.empire.edu/,"< 2-year, Private for-profit","Cosmetology/Cosmetologist, General"
Empire Beauty School-Buffalo,"2190 Walden Avenue, Cheektowaga, New York 14225-5177",www.empire.edu/,"< 2-year, Private for-profit","Cosmetology/Cosmetologist, General"
Empire Beauty School-Manhattan,"22 W 34th St, New York, New York 10001",www.empire.edu/,"< 2-year, Private for-profit","Cosmetology/Cosmetologist, General"
Empire Beauty School-Peekskill,"19 Bank St, Peekskill, New York 10566",www.empire.edu/,"< 2-year, Private for-profit","Cosmetology/Cosmetologist, General"
Empire Beauty School-Queens,"38-15 Broadway, Astoria, New York 11103",www.empire.edu/,"< 2-year, Private for-profit","Cosmetology/Cosmetologist, General"
Empire Beauty School-Rochester,"340 Elmridge Center Drive, Rochester, New York 14626-3461",www.empire.edu/,"< 2-year, Private for-profit","Cosmetology/Cosmetologist, General"
Empire State University,"Two Union Ave, Saratoga Springs, New York 12866-4391",www.sunyempire.edu/,"4-year, Public",-
Erie 1 BOCES,"355 Harlem Rd, West Seneca, New York 14224",e1b.org/WFD,"< 2-year, Public",Licensed Practical/Vocational Nurse Training
Erie 2 Chautauqua Cattaraugus BOCES-Practical Nursing Program,"8685 Erie Rd, Angola, New York 14006",www.e2ccb.org/,"< 2-year, Public",Licensed Practical/Vocational Nurse Training
Erie Community College,"121 Ellicott St, Buffalo, New York 14203-2698",www.ecc.edu/,"2-year, Public",-
Excelsior University,"7 Columbia Cir, Albany, New York 12203-5159",www.excelsior.edu/,"4-year, Private not-for-profit",-
Farmingdale State College,"2350 Broadhollow Road, Farmingdale, New York 11735-1021",www.farmingdale.edu/,"4-year, Public",-
Fashion Institute of Technology,"227 W 27th St, New York, New York 10001-5992",www.fitnyc.edu/,"4-year, primarily associate's, Public",-
Finger Lakes Community College,"3325 Marvin Sands Drive, Canandaigua, New York 14424-8395",www.flcc.edu/,"2-year, Public",-
Finger Lakes Health College of Nursing & Health Sciences,"196 North Street, Geneva, New York 14456-1651",https://www.flhcon.edu/,"2-year, Private not-for-profit",-
Five Towns College,"305 North Service Road, Dix Hills, New York 11746-5871",www.ftc.edu/,"4-year, Private for-profit",-
Focus Personal Training Institute,"115 West 27th Street, 11th Floor, New York, New York 10001-6217",www.fpti.edu/,"< 2-year, Private for-profit",Physical Fitness Technician
Fordham University,"441 E Fordham Rd, Bronx, New York 10458",https://www.fordham.edu/,"4-year, Private not-for-profit",-
Fulton-Montgomery Community College,"2805 State Hwy 67, Johnstown, New York 12095-3790",www.fmcc.edu/,"2-year, Public",-
Gemological Institute of America-New York,"50 West 47th Street, 8th Floor, New York, New York 10036",www.gia.edu/gem-education,"< 2-year, Private not-for-profit",Jewelry Arts
Genesee Community College,"One College Rd, Batavia, New York 14020-9704",https://www.genesee.edu/,"2-year, Public",-
Genesee Valley BOCES-Practical Nursing Program,"Adult Education Office  8250 State St Rd, Batavia, New York 14020",www.gvboces.org/,"< 2-year, Public",Licensed Practical/Vocational Nurse Training
Glasgow Caledonian New York College,"64 Wooster Street, New York, New York 10012",www.gcnyc.edu/,"4-year, Private not-for-profit",-
Grace International Beauty School,"136-31 41st Avenue, #6FL, Flushing, New York 11355-2446",www.gibs.edu/,"< 2-year, Private for-profit","Cosmetology/Cosmetologist, General"
Hamilton College,"198 College Hill Rd, Clinton, New York 13323",https://www.hamilton.edu/,"4-year, Private not-for-profit",-
Hartwick College,"One Hartwick Drive, Oneonta, New York 13820-4020",www.hartwick.edu/,"4-year, Private not-for-profit",-
Hebrew Union College-Jewish Institute of Religion,"One W 4th St, New York, New York 10012-1186",www.huc.edu/,"4-year, Private not-for-profit",-
Helene Fuld College of Nursing,"24 East 120th Street, New York, New York 10035-2737",https://www.helenefuld.edu/,"4-year, primarily associate's, Private not-for-profit",-
Herkimer County BOCES-Practical Nursing Program,"420 East German Sterr, Herkimer, New York 13350",https://www.herkimer-boces.org/page/adult-practical-nursing,"< 2-year, Public",Licensed Practical/Vocational Nurse Training
Herkimer County Community College,"100 Reservoir Rd, Herkimer, New York 13350-1598",www.herkimer.edu/,"2-year, Public",-
Hilbert College,"5200 S Park Ave, Hamburg, New York 14075-1597",www.hilbert.edu/,"4-year, Private not-for-profit",-
HJ International Graduate School for Peace and Public Leadership,"4 West 43rd Street, New York, New York 10036",https://www.uts.edu/,"4-year, Private not-for-profit",-
Hobart William Smith Colleges,"337 Pulteney Street, Geneva, New York 14456",www.hws.edu/,"4-year, Private not-for-profit",-
Hofstra University,"100 Hofstra University, Hempstead, New York 11549",www.hofstra.edu/,"4-year, Private not-for-profit",-
Houghton University,"1 Willard Ave, Houghton, New York 14744",www.houghton.edu/,"4-year, Private not-for-profit",-
Hudson Valley Community College,"80 Vandenburgh Ave, Troy, New York 12180",www.hvcc.edu/,"2-year, Public",-
Hunter Business School,"3601 Hempstead Tpk Unit19, Levittown, New York 11756-1375",hunterbusinessschool.edu/,"2-year, Private for-profit",Medical/Clinical Assistant
Icahn School of Medicine at Mount Sinai,"One Gustave L Levy Place, Box 1217, New York, New York 10029-6574",icahn.mssm.edu/,"4-year, Private not-for-profit",-
Institute of Culinary Education,"225 Liberty Street, New York, New York 10281",https://www.ice.edu/,"< 2-year, Private for-profit",Culinary Arts/Chef Training
Iona University,"715 North Ave, New Rochelle, New York 10801-1890",www.iona.edu/,"4-year, Private not-for-profit",-
Isabella Graham Hart School of Practical Nursing,"470 Skyview Centre Pkwy, Rochester, New York 14622",www.rochesterregional.org/for-healthcare-professionals/residency-training-programs/igh-school-of-practical-nursing/,"< 2-year, Private not-for-profit",Licensed Practical/Vocational Nurse Training
Island Drafting and Technical Institute,"128 Broadway Rte 110, Amityville, New York 11701-2704",https://www.idti.edu/,"2-year, Private for-profit",-
Ithaca College,"953 Danby Road, Ithaca, New York 14850-7002",www.ithaca.edu/,"4-year, Private not-for-profit",-
Jamestown Business College,"7 Fairmount Ave, Jamestown, New York 14701-4756",www.jbc.edu/,"4-year, primarily associate's, Private for-profit",-
Jamestown Business College -,"25 Center Street, Salamanca, New York 14779-9740",www.jbc.edu/,"4-year, Private for-profit",-
Jamestown Community College,"525 Falconer St, Jamestown, New York 14701",https://www.sunyjcc.edu/,"2-year, Public",-
Jefferson Community College,"1220 Coffeen St, Watertown, New York 13601-1897",https://www.sunyjefferson.edu/,"2-year, Public",-
Jefferson Lewis BOCES-Practical Nursing Program,"20104 State Route 3, Watertown, New York 13601-9509",www.boces.com/,"< 2-year, Public",-
Jewish Theological Seminary of America,"3080 Broadway, New York, New York 10027-4649",www.jtsa.edu/,"4-year, Private not-for-profit",-
Kehilath Yakov Rabbinical Seminary,"340  Illington Road, Ossining, New York 10562",kehilathyakov.com/,"4-year, Private not-for-profit",-
Keuka College,"141 Central Avenue, Keuka Park, New York 14478",https://www.keuka.edu/,"4-year, Private not-for-profit",-
Le Moyne College,"1419 Salt Springs Rd, Syracuse, New York 13214-1301",www.lemoyne.edu/,"4-year, Private not-for-profit",-
Leon Studio One School of Beauty Knowledge,"5385 Main St, Williamsville, New York 14221",www.leonstudioone.com/school/,"< 2-year, Private for-profit","Cosmetology/Cosmetologist, General"
Lia Schorr Institute of Cosmetic Skin Care Training,"57 west 57 street suite 1409, New York, New York 10019",www.liaschorrinstitute.com/,"< 2-year, Private for-profit",Aesthetician/Esthetician and Skin Care Specialist
LIM College,"545 Fifth Avenue, New York, New York 10017-0000",www.limcollege.edu/,"4-year, Private for-profit",-
Lincoln Technical Institute-Whitestone,"15-30 Petracca Pl, Whitestone, New York 11357",www.lincolntech.edu/campus/queens-ny,"< 2-year, Private for-profit",Automobile/Automotive Mechanics Technology/Technician
Long Island Beauty School-Hauppauge,"544 Rte 111, Hauppauge, New York 11788",www.libs.edu/,"< 2-year, Private for-profit","Cosmetology/Cosmetologist, General"
Long Island Beauty School-Hempstead,"173-A  Fulton Ave, Hempstead, New York 11550",www.libs.edu/,"< 2-year, Private for-profit","Cosmetology/Cosmetologist, General"
Long Island Business Institute,"136-18 39th Avenue, Fifth Floor, Flushing, New York 11354-5577",www.libi.edu/,"2-year, Private for-profit",-
Long Island Nail Skin & Hair Institute,"1055 Stewart Avenue, Bethpage, New York 11714",www.nailskinhairinstitute.edu/,"< 2-year, Private for-profit",Aesthetician/Esthetician and Skin Care Specialist
Long Island University,"720 Northern Blvd, Brookville, New York 11548-1327",www.liu.edu/,"4-year, Private not-for-profit",-
Machzikei Hadath Rabbinical College,"5407 16th Ave, Brooklyn, New York 11204-1805",https://mhrc.edu/,"4-year, Private not-for-profit",-
Madison Oneida BOCES-Practical Nursing Program,"4937 Spring Rd, Verona, New York 13478-0168",www.moboces.org/programs_services/adulted/health_occupations,"< 2-year, Public",Licensed Practical/Vocational Nurse Training
Mandl School-The College of Allied Health,"254 W 54th St, New York, New York 10019-5516",www.mandl.edu/,"2-year, Private for-profit",-
Manhattan College,"4513 Manhattan College Parkway, Riverdale, New York 10471-4098",www.manhattan.edu/,"4-year, Private not-for-profit",-
Manhattan School of Computer Technology,"931 Coney Island Avenue, Brooklyn, New York 11230-1401",www.manhattanschool.edu/,"2-year, Private not-for-profit","English Language and Literature, General"
Manhattan School of Music,"130 Claremont Avenue, New York, New York 10027",www.msmnyc.edu/,"4-year, Private not-for-profit",-
Manhattanville College,"2900 Purchase St, Purchase, New York 10577",https://www.mville.edu/,"4-year, Private not-for-profit",-
Maria College of Albany,"700 New Scotland Ave, Albany, New York 12208",www.mariacollege.edu/,"4-year, primarily associate's, Private not-for-profit",-
Marion S Whelan School of Nursing of Geneva General Hospital,"196 North St, Geneva, New York 14456-1651",www.mswspn.com/,"< 2-year, Private not-for-profit",-
Marist College,"3399 North Rd, Poughkeepsie, New York 12601",www.marist.edu/,"4-year, Private not-for-profit",-
Marymount Manhattan College,"221 E 71st St, New York, New York 10021-4597",www.mmm.edu/,"4-year, Private not-for-profit",-
Mechon L'hoyroa,"168 Maple Avenue, Monsey, New York 10952-2710",https://www.mechonlhoyroa.com/,"4-year, Private not-for-profit",-
Memorial Hospital School of Radiation Therapy Technology,"1275 York Ave, New York, New York 10065-6007",www.mskcc.org/mskcc/html/13431.cfm,"2-year, Private not-for-profit",-
Mercy University,"555 Broadway, Dobbs Ferry, New York 10522",https://www.mercy.edu/,"4-year, Private not-for-profit",-
Merkaz Bnos-Business School,"2115 Benson Avenue, Brooklyn, New York 11214",www.mbs-career.org/,"2-year, Private not-for-profit",Medical Office Management/Administration
Mesivta of Eastern Parkway-Yeshiva Zichron Meilech,"510 Dahill Rd, Brooklyn, New York 11218-5559",https://mesivtaofeasternparkway.com/,"4-year, primarily associate's, Private not-for-profit",-
Mesivta Torah Vodaath Rabbinical Seminary,"425 E 9th St, Brooklyn, New York 11218",independentrabbinicalcolleges.org/index.html,"4-year, Private not-for-profit",-
Mesivtha Tifereth Jerusalem of America,"145 E Broadway, New York, New York 10002-6301",mtj.edu/,"4-year, Private not-for-profit",-
Metropolitan College of New York,"60 West Street, New York, New York 10006-1742",https://www.mcny.edu/,"4-year, Private not-for-profit",-
Metropolitan Learning Institute,"97-77 Queens Blvd, 9th Floor, Rego Park, New York 11374",www.gettraining.org/,"< 2-year, Private not-for-profit",Medical Insurance Specialist/Medical Biller
Miami Ad School-New York,"35-37 36th ST, 3rd Floor, Astoria, New York 11106",miamiadschool.com/locations/new-york/,"2-year, Private for-profit",-
Mildred Elley School-Albany Campus,"855 Central Ave, Albany, New York 12206-1513",www.mildred-elley.edu/,"2-year, Private for-profit",-
Mildred Elley-New York Campus,"25 Broadway 16th Floor, New York, New York 10004-1010",www.mildred-elley.edu/,"2-year, Private for-profit",-
Mirrer Yeshiva Cent Institute,"1791-5 Ocean Parkway, Brooklyn, New York 11223-2010",www.mirreryeshiva.com/,"4-year, primarily associate's, Private not-for-profit",-
Modern Welding School,"1842 State St, Schenectady, New York 12304",modernwelding.com/,"< 2-year, Private for-profit",Welding Technology/Welder
Mohawk Valley Community College,"1101 Sherman Dr, Utica, New York 13501-5394",www.mvcc.edu/,"2-year, Public",-
Molloy College,"1000 Hempstead Ave, Rockville Centre, New York 11571-5002",www.molloy.edu/,"4-year, Private not-for-profit",-
Monroe 2 Orleans BOCES-Center for Workforce Development,"3589 Big Ridge Rd, Spencerport, New York 14559",www.monroe2boces.org/cwd.aspx,"< 2-year, Public",Dental Assisting/Assistant
Monroe College,"2501 Jerome Avenue, Bronx, New York 10468",www.monroecollege.edu/,"4-year, Private for-profit",-
Monroe Community College,"1000 E Henrietta Rd, Rochester, New York 14623",www.monroecc.edu/,"2-year, Public",-
Montefiore School of Nursing,"53 Valentine Street, Mount Vernon, New York 10550-2009",montefiorenewrochelle.org/school-of-nursing,"2-year, Private not-for-profit",-
Mount Saint Mary College,"330 Powell Avenue, Newburgh, New York 12550",www.msmc.edu/,"4-year, Private not-for-profit",-
Mount Sinai Phillips School of Nursing,"148 East 126th Street, New York, New York 10035-6354",www.pson.edu/,"4-year, Private not-for-profit",-
Nassau Community College,"One Education Dr, Garden City, New York 11530-6793",www.ncc.edu/,"2-year, Public",-
Nazareth University,"4245 East Ave, Rochester, New York 14618-3790",https://www2.naz.edu/,"4-year, Private not-for-profit",-
Neighborhood Playhouse School of the Theater,"340 E 54th Street, New York City, New York 10022-5017",www.neighborhoodplayhouse.org/,"2-year, Private not-for-profit",-
New Age Training,"145 West 30th Street, 8th Floor, New York, New York 10001-4034",https://newagetraining.com/,"< 2-year, Private for-profit",Medical/Clinical Assistant
New York Academy of Art,"111 Franklin St, New York, New York 10013-2911",nyaa.edu/,"4-year, Private not-for-profit",-
New York Automotive and Diesel Institute,"178-18 Liberty Avenue, Jamaica, New York 11433-1433",www.nyadi.edu/,"2-year, Private for-profit",Diesel Mechanics Technology/Technician
New York College of Health Professions,"6851 Jericho Tpk, Suite 210, Syosset, New York 11791-4413",www.nycollege.edu/,"4-year, Private not-for-profit",-
New York College of Podiatric Medicine,"53 East 124 Street, New York, New York 10035-1940",www.nycpm.edu/,"4-year, Private not-for-profit",-
New York College of Traditional Chinese Medicine,"200 Old Country Road, Suite 500, Mineola, New York 11501",www.nyctcm.edu/,"4-year, Private not-for-profit",-
New York Conservatory for Dramatic Arts,"39 W 19th Street Fl 2, New York, New York 10011-4225",www.nycda.edu/,"2-year, Private for-profit",-
New York Institute of Beauty,"11 Oval Drive Suite 180, Islandia, New York 11749-1479",www.nyib.edu/,"< 2-year, Private for-profit",Aesthetician/Esthetician and Skin Care Specialist
New York Institute of Massage Inc,"4701 Transit Rd, Williamsville, New York 14221",nyinstituteofmassage.com/,"< 2-year, Private for-profit",Massage Therapy/Therapeutic Massage
New York Institute of Technology,"Northern Blvd, Old Westbury, New York 11568-8000",www.nyit.edu/,"4-year, Private not-for-profit",-
New York Law School,"185 West Broadway, New York, New York 10013-2921",www.nyls.edu/,"4-year, Private not-for-profit",-
New York Medical Career Training Center,"136-20 38th Avenue Suite 5F, Flushing, New York 11354",nymedtraining.com/,"2-year, Private for-profit",Diagnostic Medical Sonography/Sonographer and Ultrasound Technician
New York Medical College,"Administration Building, Valhalla, New York 10595",https://www.nymc.edu/,"4-year, Private not-for-profit",-
New York School for Medical and Dental Assistants,"33-10 Queens Blvd, Long Island City, New York 11101",nysmda.com/,"2-year, Private for-profit",Medical/Clinical Assistant
New York School of Esthetics & Day Spa,"239 central ave 3rd Floor, white plains, New York 10606-1207",www.newyorkschoolofesthetics.com/,"< 2-year, Private for-profit",Aesthetician/Esthetician and Skin Care Specialist
New York School of Interior Design,"170 East 70th Street, New York, New York 10021",www.nysid.edu/,"4-year, Private not-for-profit",-
New York Seminary,"911 McDonald Avenue, Brooklyn, New York 11218-5611",thenyseminary.com/,"2-year, Private not-for-profit",-
New York Theological Seminary,"3041 Broadway, New York, New York 10027",https://www.nyts.edu/,"4-year, Private not-for-profit",-
New York University,"70 Washington Sq South, New York, New York 10012-1091",https://www.nyu.edu/,"4-year, Private not-for-profit",-
Niagara County Community College,"3111 Saunders Settlement Rd, Sanborn, New York 14132",www.niagaracc.suny.edu/,"2-year, Public",-
Niagara University,"Lewiston Road, Niagara University, New York 14109",www.niagara.edu/,"4-year, Private not-for-profit",-
North Country Community College,"23 Santanoni Avenue, Saranac Lake, New York 12983-0089",www.nccc.edu/,"2-year, Public",-
Northeast College of Health Sciences,"2360 State Route 89, Seneca Falls, New York 13148-0800",https://www.northeastcollege.edu/,"4-year, Private not-for-profit",-
Northeastern Seminary,"2265 Westside Dr, Rochester, New York 14624",www.nes.edu/,"4-year, Private not-for-profit",-
Ohel Margulia Seminary,"22 Ashel Lane, Monsey, New York 10952-2610",ohelmarguliaseminary.com/,"2-year, Private not-for-profit",-
Ohr Hameir Theological Seminary,"141 Furnace Woods Rd, Peekskill, New York 10566",https://ohrhameir.com/,"4-year, primarily associate's, Private not-for-profit",-
Onondaga Community College,"4585 West Seneca Turnpike, Syracuse, New York 13215-4585",www.sunyocc.edu/,"2-year, Public",-
Onondaga Cortland Madison BOCES,"Main Campus, Liverpool, New York 13088",ocmboces.org/,"< 2-year, Public",Licensed Practical/Vocational Nurse Training
Orange County Community College,"115 South St, Middletown, New York 10940",https://sunyorange.edu/,"2-year, Public",-
Orange Ulster BOCES-Practical Nursing Program,"3 Washington Center, Newburgh, New York 12550",www.ouboces.org/,"< 2-year, Public",Licensed Practical/Vocational Nurse Training
Orleans Niagara BOCES-Practical Nursing Program,"50 Main Street, Lockport, New York 14094",https://www.onboces.org/,"< 2-year, Public",Licensed Practical/Vocational Nurse Training
Orlo School of Hair Design and Cosmetology,"232 North Allen St, Albany, New York 12206",www.theorloschool.com/,"< 2-year, Private for-profit","Cosmetology/Cosmetologist, General"
Otsego Area BOCES-Practical Nursing Program,"31 Center Street 3rd floor, Oneonta, New York 13820-1142",www.oncboces.org/,"< 2-year, Public",Licensed Practical/Vocational Nurse Training
Pace University,"1 Pace Plaza, New York, New York 10038-1598",www.pace.edu/,"4-year, Private not-for-profit",-
Pacific College of Health and Science,"110 William St. 19th Fl, New York, New York 10038",www.pacificcollege.edu/,"4-year, Private for-profit",-
Paul Mitchell the School-NYC,"187 New Dorp Lane, Staten Island, New York 10306",paulmitchell.edu/nyc,"< 2-year, Private for-profit","Cosmetology/Cosmetologist, General"
Paul Mitchell the School-Schenectady,"411 State Street, Schenectady, New York 12305-2303",paulmitchell.edu/schenectady,"< 2-year, Private for-profit","Cosmetology/Cosmetologist, General"
Paul Smiths College of Arts and Science,"7777 State Route 30, Paul Smiths, New York 12970-0265",https://www.paulsmiths.edu/,"4-year, Private not-for-profit",-
Plaza College,"118-33 Queens Boulevard, Forest Hills, New York 11375",www.plazacollege.edu/,"4-year, primarily associate's, Private for-profit",-
Pomeroy College of Nursing at Crouse Hospital,"5000 Brittonfield Parkway, East Syracuse, New York 13057-1687",www.crouse.org/nursing,"2-year, Private not-for-profit",-
Pratt Institute-Main,"200 Willoughby Ave, Brooklyn, New York 11205",https://www.pratt.edu/,"4-year, Private not-for-profit",-
Pratt Manhattan-A Division of Pratt Institute,"144 West 14th Street, New York, New York 10011",https://www.pratt.edu/,"4-year, Private not-for-profit",-
Professional Culinary Academy,"875 Elmwood Avenue, Buffalo, New York 14222-1433",professionalculinaryacademy.com/,"< 2-year, Private for-profit","Culinary Arts and Related Services, Other"
Rabbinical Academy Mesivta Rabbi Chaim Berlin,"1593 Coney Island Ave, Brooklyn, New York 11230",https://rabbinicalacademyrabbichaimberlin.com/,"4-year, Private not-for-profit",-
Rabbinical College Beth Shraga,"28 Saddle River Rd, Monsey, New York 10952-3033",https://rabbinicalcollegebethshraga.com/,"4-year, primarily associate's, Private not-for-profit",-
Rabbinical College Bobover Yeshiva Bnei Zion,"1577 48th St, Brooklyn, New York 11219",rabbinicalcollegeboboveryeshiva.edu/,"4-year, Private not-for-profit",-
Rabbinical College of Long Island,"205 W Beech Street, Long Beach, New York 11561",https://rabbinicalcollegelongisland.com/,"4-year, primarily associate's, Private not-for-profit",-
Rabbinical College of Ohr Shimon Yisroel,"215-217 Hewes St, Brooklyn, New York 11211",https://ohr-sy.com/,"4-year, Private not-for-profit",-
Rabbinical College Ohr Yisroel,"8800 Seaview Ave, Brooklyn, New York 11236",www.rabbinicalcollegeohryisroel.com/,"4-year, Private not-for-profit",-
Rabbinical Seminary of America,"76-01 147th St, Flushing, New York 11367",www.rabbinical.org/,"4-year, Private not-for-profit",-
Rabbinical Seminary of America-Ma'yan HaTorah,"113-25 Myrtle Ave, Richmond Hill, New York 11418",,"4-year, Private not-for-profit",-
Relay Graduate School of Education,"25 Broadway, 3rd Fl, New York, New York 10004",www.relay.edu/,"4-year, Private not-for-profit",-
Rensselaer Polytechnic Institute,"110 8th St, Troy, New York 12180-3590",www.rpi.edu/,"4-year, Private not-for-profit",-
Roberts Wesleyan University,"2301 Westside Dr, Rochester, New York 14624",www.roberts.edu/,"4-year, Private not-for-profit",-
Rochester Institute of Technology,"1 Lomb Memorial Dr, Rochester, New York 14623-5603",www.rit.edu/,"4-year, Private not-for-profit",-
Rockland Community College,"145 College Rd, Suffern, New York 10901-3699",www.sunyrockland.edu/,"2-year, Public",-
Rockland County BOCES-Practical Nursing Program,"65 Parrott Rd, Bldg 3, West Nyack, New York 10994",www.rocklandboces.org/programs-for-students/adult-education/practical-nursing,"< 2-year, Public",Licensed Practical/Vocational Nurse Training
Russell Sage College,"65 1st Street, Troy, New York 12180",sage.edu/,"4-year, Private not-for-profit",-
SAE Institute of Technology-New York,"218 West 18th St Fl 4, New York, New York 10011-4552",https://usa.sae.edu/campuses/new-york/,"< 2-year, Private for-profit",-
Saint Elizabeth College of Nursing,"2215 Genesee Street, Utica, New York 13501",https://www.secon.edu/,"2-year, Private not-for-profit",-
Saint John's University - Staten Island Campus,"300 Howard Avenue, Staten Island, New York 10301-4496",www.stjohns.edu/campuses/staten-island-campus,"4-year, Private not-for-profit",-
Saint Vladimirs Orthodox Theological Seminary,"575 Scarsdale Rd, Yonkers, New York 10707-1699",www.svots.edu/,"4-year, Private not-for-profit",-
Samaritan Hospital School of Nursing,"1300 Massachusetts Avenue, Troy, New York 12065",https://www.sphp.com/careers/schools-of-nursing/,"2-year, Private not-for-profit",-
Sarah Lawrence College,"One Meadway, Bronxville, New York 10708",www.sarahlawrence.edu/,"4-year, Private not-for-profit",-
Schenectady County Community College,"78 Washington Avenue, Schenectady, New York 12305",sunysccc.edu/,"2-year, Public",-
"School of Professional Horticulture, New York Botanical Garden","2900 Southern Blvd., Bronx, New York 10458-5126",www.nybg.org/edu/soph/,"2-year, Private not-for-profit",-
School of Visual Arts,"209 E 23rd St, New York, New York 10010",www.sva.edu/,"4-year, Private for-profit",-
Schuyler Steuben Chemung Tioga Allegany BOCES,"459 Philo Road, Elmira, New York 14903",https://www.gstboces.org/page/adult-education,"< 2-year, Public",Licensed Practical/Vocational Nurse Training
Seminar L'moros Bais Yaakov,"4409 15th Ave, Brooklyn, New York 11219",seminarlmorosbaisyaakov.com/,"2-year, Private not-for-profit",-
Sharp Edgez Barber Institute,"398 West Ridge Road, Rochester, New York 14615-0000",www.sharpedgez.com/,"< 2-year, Private for-profit",Barbering/Barber
Sharp Edgez Barber Institute - Buffalo,"2844 Delaware Avenue, Buffalo, New York 14217-0000",www.sharpedgez.com/,"< 2-year, Private for-profit",Barbering/Barber
Shear Ego International School of Hair Design,"525 Titus Ave, Rochester, New York 14617",www.shearegoschool.com/,"< 2-year, Private for-profit","Cosmetology/Cosmetologist, General"
Sh'or Yoshuv Rabbinical College,"1 Cedarlawn Avenue, Lawrence, New York 11559-1714",https://www.shoryoshuv.org/,"4-year, Private not-for-profit",-
Siena College,"515 Loudon Rd, Loudonville, New York 12211-1462",https://www.siena.edu/,"4-year, Private not-for-profit",-
Skidmore College,"815 N Broadway, Saratoga Springs, New York 12866",www.skidmore.edu/,"4-year, Private not-for-profit",-
Sotheby's Institute of Art-NY,"570 Lexington Avenue, 6th Floor, New York, New York 10022-6717",www.sothebysinstitute.com/Programmes/PNewyork.aspx,"4-year, Private for-profit",-
St Bernard's School of Theology and Ministry,"120 French Road, Rochester, New York 14618",www.stbernards.edu/,"4-year, Private not-for-profit",-
St Bonaventure University,"3261 W. State Road, Saint Bonaventure, New York 14778-9800",https://www.sbu.edu/,"4-year, Private not-for-profit",-
St Lawrence University,"23 Romoda Drive, Canton, New York 13617",www.stlawu.edu/,"4-year, Private not-for-profit",-
St Paul's School of Nursing-Queens,"97-77 Queens Blvd, Rego Park, New York 11374",https://www.stpaulsschoolofnursing.edu/,"2-year, Private for-profit",-
St Paul's School of Nursing-Staten Island,"2 Teleport Drive, Corporate Commons Two, Suite 203, Staten Island, New York 10311",www.stpaulsschoolofnursing.edu/,"2-year, Private for-profit",-
St. Francis College,"179 Livingston Street, Brooklyn, New York 11201",https://www.sfc.edu/,"4-year, Private not-for-profit",-
St. John Fisher University,"3690 East Ave, Rochester, New York 14618-3597",https://www.sjf.edu/,"4-year, Private not-for-profit",-
St. John's University-New York,"8000 Utopia Pky, Queens, New York 11439",www.stjohns.edu/,"4-year, Private not-for-profit",-
St. Joseph's College of Nursing,"206 Prospect Ave, Syracuse, New York 13203",https://www.sjhcon.edu/,"2-year, Private not-for-profit",-
St. Joseph's University-New York,"245 Clinton Ave, Brooklyn, New York 11205-3688",www.sjny.edu/,"4-year, Private not-for-profit",-
St. Peter's Hospital College of Nursing,"714 New Scotland Ave, Albany, New York 12208",https://www.sphp.com/careers/schools-of-nursing/,"2-year, Private not-for-profit",-
St. Thomas Aquinas College,"125 Rte 340, Sparkill, New York 10976-1050",www.stac.edu/,"4-year, Private not-for-profit",-
State University of New York at Cortland,"Miller Building, Cortland, New York 13045-0900",www2.cortland.edu/,"4-year, Public",-
State University of New York at New Paltz,"1 Hawk Drive, New Paltz, New York 12561-2443",www.newpaltz.edu/,"4-year, Public",-
State University of New York at Oswego,"7060 State Route 104, Oswego, New York 13126",https://www.oswego.edu/,"4-year, Public",-
Stony Brook University,"310 Administration Building, Stony Brook, New York 11794-0701",https://www.stonybrook.edu/,"4-year, Public",-
Studio Jewelers,"32 E 31 St, New York, New York 10016-4112",www.studiojewelersltd.com/,"< 2-year, Private for-profit",Jewelry Arts
Suffolk County Community College,"533 College Rd, Selden, New York 11784-2899",https://www.sunysuffolk.edu/,"2-year, Public",-
Sullivan County Community College,"112 College Road, Loch Sheldrake, New York 12759-5151",https://www.sunysullivan.edu/,"2-year, Public",-
SUNY Adirondack,"640 Bay Rd, Queensbury, New York 12804",www.sunyacc.edu/,"2-year, Public",-
SUNY at Fredonia,"280 Central Ave, Fredonia, New York 14063-1136",https://www.fredonia.edu/,"4-year, Public",-
SUNY at Purchase College,"735 Anderson Hill Rd, Purchase, New York 10577-1400",www.purchase.edu/,"4-year, Public",-
SUNY Brockport,"350 New Campus Dr, Brockport, New York 14420-2919",https://www.brockport.edu/,"4-year, Public",-
SUNY Broome Community College,"907 Upper Front Street, Binghamton, New York 13901-1001",www.sunybroome.edu/,"2-year, Public",-
SUNY Buffalo State University,"1300 Elmwood Ave, Buffalo, New York 14222",https://suny.buffalostate.edu/,"4-year, Public",-
SUNY College at Geneseo,"1 College Circle, Geneseo, New York 14454-1465",https://www.geneseo.edu/,"4-year, Public",-
SUNY College at Plattsburgh,"101 Broad Street, Plattsburgh, New York 12901-2681",https://www.plattsburgh.edu/,"4-year, Public",-
SUNY College at Potsdam,"44 Pierrepont Ave, Potsdam, New York 13676-2294",www.potsdam.edu/,"4-year, Public",-
SUNY College of Agriculture and Technology at Cobleskill,"State Route 7, Cobleskill, New York 12043",www.cobleskill.edu/,"4-year, Public",-
SUNY College of Environmental Science and Forestry,"One Forestry Dr., Syracuse, New York 13210",www.esf.edu/,"4-year, Public",-
SUNY College of Optometry,"33 West 42nd Street, New York, New York 10036-8003",www.sunyopt.edu/,"4-year, Public",-
SUNY College of Technology at Alfred,"10 Upper College Drive, Alfred, New York 14802",www.alfredstate.edu/,"4-year, primarily associate's, Public",-
SUNY College of Technology at Canton,"34 Cornell Drive, Canton, New York 13617-1098",www.canton.edu/,"4-year, Public",-
SUNY College of Technology at Delhi,"454 Delhi Drive, Delhi, New York 13753-1100",www.delhi.edu/,"4-year, Public",-
SUNY Corning Community College,"1 Academic Dr, Corning, New York 14830",https://www.corning-cc.edu/,"2-year, Public",-
SUNY Downstate Health Sciences University,"450 Clarkson Ave, Brooklyn, New York 11203-2098",https://www.downstate.edu/,"4-year, Public",-
SUNY Maritime College,"6 Pennyfield Avenue, Throggs Neck, New York 10465-4198",www.sunymaritime.edu/,"4-year, Public",-
SUNY Morrisville,"80 Eaton Street, Morrisville, New York 13408",www.morrisville.edu/,"4-year, primarily associate's, Public",-
SUNY Old Westbury,"223 Store Hill Rd, Old Westbury, New York 11568-0210",www.oldwestbury.edu/,"4-year, Public",-
SUNY Oneonta,"108 Ravine Parkway, Oneonta, New York 13820-4015",https://suny.oneonta.edu/,"4-year, Public",-
SUNY Polytechnic Institute,"100 Seymour Rd, Utica, New York 13502",www.sunypoly.edu/,"4-year, Public",-
SUNY Westchester Community College,"75 Grasslands Road, Valhalla, New York 10595",www.sunywcc.edu/,"2-year, Public",-
Swedish Institute a College of Health Sciences,"226 West 26th Street, New York, New York 10001-6700",www.swedishinstitute.edu/,"2-year, Private for-profit",-
Syracuse University,"900 South Crouse Ave., Syracuse, New York 13244",https://www.syracuse.edu/,"4-year, Private not-for-profit",-
Talmudical Institute of Upstate New York,"769 Park Ave, Rochester, New York 14618-3046",https://www.tiuny.org/,"4-year, Private not-for-profit",-
Talmudical Seminary of Bobov,"5120 New Utrecht Ave, Brooklyn, New York 11219",www.independentrabbinicalcolleges.org/,"4-year, Private not-for-profit",-
Talmudical Seminary Oholei Torah,"667 Eastern Pky, Brooklyn, New York 11213",www.tsot.edu/,"4-year, Private not-for-profit",-
Teachers College at Columbia University,"525 W 120th St, New York, New York 10027",www.tc.columbia.edu/,"4-year, Private not-for-profit",-
The Ailey School,"405 W 55th Street, New York, New York 10019-4402",www.theaileyschool.edu/,"2-year, Private not-for-profit",-
The College of Saint Rose,"432 Western Ave, Albany, New York 12203-1490",www.strose.edu/,"4-year, Private not-for-profit",-
The College of Westchester,"325 Central Ave, White Plains, New York 10606-1200",www.cw.edu/,"4-year, primarily associate's, Private for-profit",-
The Cooper Union for the Advancement of Science and Art,"7 East 7th Street, New York, New York 10003-7120",https://www.cooper.edu/,"4-year, Private not-for-profit",-
The Juilliard School,"60 Lincoln Center Plaza, New York, New York 10023-6588",www.juilliard.edu/,"4-year, Private not-for-profit",-
The New School,"New York, New York 10011",https://www.newschool.edu/,"4-year, Private not-for-profit",-
The Rockefeller University,"1230 York Avenue, New York, New York 10065-6399",www.rockefeller.edu/,"4-year, Private not-for-profit",-
The Salon Professional Academy-Tonawanda,"2309 Eggert Rd, Tonawanda, New York 14150",www.tspabuffalo.com/,"< 2-year, Private for-profit",Aesthetician/Esthetician and Skin Care Specialist
Tompkins Cortland Community College,"170 North St, Dryden, New York 13053-0139",www.tompkinscortland.edu/,"2-year, Public",-
Torah Temimah Talmudical Seminary,"3323 Richmond Ave, Staten Island, New York 10312",https://torahtemimahtalmudicalseminary.com/,"4-year, Private not-for-profit",-
Touro University,"50 West 47th Street, New York, New York 10036",https://www.touro.edu/,"4-year, Private not-for-profit",-
Transitions Career Institute School of Nursing,"30-50 Whitestone Expressway STE 400, Flushing, New York 11354-1964",tcilpn.org/,"< 2-year, Private for-profit",Licensed Practical/Vocational Nurse Training
Trocaire College,"360 Choate Ave, Buffalo, New York 14220-2094",https://trocaire.edu/,"4-year, primarily associate's, Private not-for-profit",-
Ulster County Community College,"491 Cottekill Rd, Stone Ridge, New York 12484",https://www.sunyulster.edu/,"2-year, Public",-
Union College,"807 Union Street, Schenectady, New York 12308-2311",www.union.edu/,"4-year, Private not-for-profit",-
Union Theological Seminary in the City of New York,"3041 Broadway, New York, New York 10027-5792",utsnyc.edu/,"4-year, Private not-for-profit",-
United States Merchant Marine Academy,"300 Steamboat Road, Kings Point, New York 11024-1634",https://www.usmma.edu/,"4-year, Public",-
United States Military Academy,"606 Thayer Rd, West  Point, New York 10996",www.westpoint.edu/,"4-year, Public",-
United Talmudical Seminary,"191 Rodney St., Brooklyn, New York 11211",utsny.edu/,"4-year, Private not-for-profit",-
University at Albany,"1400 Washington Avenue, Albany, New York 12222",www.albany.edu/,"4-year, Public",-
University at Buffalo,"12 Capen Hall, Buffalo, New York 14260-1660",https://www.buffalo.edu/,"4-year, Public",-
University of Mount Saint Vincent,"6301 Riverdale Avenue, Bronx, New York 10471-1093",www.mountsaintvincent.edu/,"4-year, Private not-for-profit",-
University of Rochester,"Wilson Blvd. - Wallis Hall, Rochester, New York 14627-0011",https://www.rochester.edu/,"4-year, Private not-for-profit",-
Upstate Medical University,"750 E Adams St, Syracuse, New York 13210",www.upstate.edu/,"4-year, Public",-
Uta Mesivta of Kiryas Joel,"48 Bakertown Rd Suite 501, Monroe, New York 10950",utam.edu/,"4-year, Private not-for-profit",-
Utica University,"1600 Burrstone Rd, Utica, New York 13502-4892",https://www.utica.edu/,"4-year, Private not-for-profit",-
Vassar College,"124 Raymond Ave, Poughkeepsie, New York 12604",www.vassar.edu/,"4-year, Private not-for-profit",-
Vaughn College of Aeronautics and Technology,"86-01 23rd Avenue, Flushing, New York 11369",www.vaughn.edu/,"4-year, primarily associate's, Private not-for-profit",-
Veeb Nassau County School of Practical Nursing,"30 East Cherry Street, Hicksville, New York 11801-4302",www.veebpnprogram.org/,"< 2-year, Public",-
Villa Maria College,"240 Pine Ridge Rd, Buffalo, New York 14225-3999",https://www.villa.edu/,"4-year, Private not-for-profit",-
Wagner College,"One Campus Rd, Staten Island, New York 10301-4495",www.wagner.edu/,"4-year, Private not-for-profit",-
Washington Saratoga Warren Hamilton Essex BOCES-Practical Nursing Program,"1051 Dix Ave, Hudson Falls, New York 12839",www.wswheboces.org/,"< 2-year, Public",Licensed Practical/Vocational Nurse Training
Wayne Finger Lakes BOCES-Practical Nursing Program,"131 Drumlin Ct, Newark, New York 14513-1863",https://www.wflboces.org/,"< 2-year, Public",Licensed Practical/Vocational Nurse Training
Webb Institute,"298 Crescent Beach Rd, Glen Cove, New York 11542-1398",www.webb.edu/,"4-year, Private not-for-profit",-
Weill Medical College of Cornell University,"1300 York Avenue, New York, New York 10065",https://weill.cornell.edu/,"4-year, Private not-for-profit",-
Wells College,"170 Main Street, Aurora, New York 13026-0500",www.wells.edu/,"4-year, Private not-for-profit",-
Westchester School for Medical & Dental Assistants,"1053 Saw Mill River Road, Ardsley, New York 10502",www.wsmda.edu/,"< 2-year, Private for-profit",Medical/Clinical Assistant
Westchester School of Beauty Culture,"Six Gramatan Avenue    Suite 200, Mount Vernon, New York 10550-2295",westchesterschoolofbeautycultureny.com/,"< 2-year, Private for-profit","Cosmetology/Cosmetologist, General"
Western Suffolk BOCES,"152 Laurel Hill Rd, Northport, New York 11768",www.wilsontech.org/,"2-year, Public",Diagnostic Medical Sonography/Sonographer and Ultrasound Technician
Word of Life Bible Institute,"4230 Glendale Road, Pottersville, New York 12860-0129",www.wordoflife.edu/,"2-year, Private not-for-profit",-
Yeshiva Derech Chaim,"1573 39th Street, Brooklyn, New York 11218-0000",https://ydc.edu/,"4-year, Private not-for-profit",-
Yeshiva D'monsey Rabbinical College,"2 Roman Blvd, Monsey, New York 10952",https://yeshivadmonsey.com/,"4-year, Private not-for-profit",-
Yeshiva Gedolah Imrei Yosef D'spinka,"1466 56th St, Brooklyn, New York 11219",spinka58st.com/,"4-year, Private not-for-profit",-
Yeshiva Gedolah Kesser Torah,"50 Cedar Lane, Monsey, New York 10952-2127",https://yeshivagedolahkessertorah.com/,"4-year, Private not-for-profit",-
Yeshiva Karlin Stolin,"1818 54th St, Brooklyn, New York 11204-1545",https://yeshivakarlinstolin.org/,"4-year, Private not-for-profit",-
Yeshiva Kollel Tifereth Elizer,"1227 47th Street, Brooklyn, New York 11219",https://www.yeshivakolleltiferethelizer.com/,"4-year, Private not-for-profit",-
Yeshiva of Far Rockaway Derech Ayson Rabbinical Seminary,"802 Hicksville Rd, Far Rockaway, New York 11691-5219",https://www.yofr.org/,"4-year, Private not-for-profit",-
Yeshiva of Kasho,"590 Smith Street, Brooklyn, New York 11231-3819",https://yokny.org/,"4-year, Private not-for-profit",-
Yeshiva of Machzikai Hadas,"1301 47th Street, Brooklyn, New York 11219-1408",https://yeshivaofmachzikaihadas.com/,"4-year, Private not-for-profit",-
Yeshiva of Nitra Rabbinical College,"1425 Route 17 M, Chester, New York 10918",yeshivaofnitra.org/,"4-year, Private not-for-profit",-
Yeshiva of Ocean,"7120 Highway 52, Greenfield Park, New York 12435-5308",yeshivaofocean.com/,"4-year, primarily associate's, Private not-for-profit",-
Yeshiva of the Telshe Alumni,"4904 Independence Ave, Riverdale, New York 10471-2897",https://yeshivatelshealumni.com/,"4-year, Private not-for-profit",-
Yeshiva Ohr Naftoli,"701 Blooming Grove Turnpike, New Windsor, New York 12553-8006",https://www.yeshivaohrnaftoli.com/,"4-year, primarily associate's, Private not-for-profit",-
Yeshiva Ohr Yisrael,"2899 Nostrand Avenue, Brooklyn, New York 11229-1817",www.yoy.edu/,"4-year, Private not-for-profit",-
Yeshiva Shaar Ephraim,"178 Maple Avenue, Monsey, New York 10952-2732",shaarephraim.org/,"4-year, primarily associate's, Private not-for-profit",-
Yeshiva Shaarei Torah of Rockland,"91 W Carlton Rd, Suffern, New York 10901-4003",www.yst.edu/,"4-year, Private not-for-profit",-
Yeshiva Sholom Shachna,"401 Elmwood Avenue, Brooklyn, New York 11230",https://yeshivasholomshachna.com/,"4-year, Private not-for-profit",-
Yeshiva University,"500 W 185th St, New York, New York 10033-3299",www.yu.edu/,"4-year, Private not-for-profit",-
Yeshiva Yesoda Hatorah Vetz Chaim," , Brooklyn, New York 11211-7106",yeshivayh.org/,"4-year, Private not-for-profit",-
Yeshiva Zichron Aryeh,"1213 Bay 25th Street, Far Rockaway, New York 11691-0000",https://yeshivazichronaryeh.com/,"4-year, Private not-for-profit",-
Yeshivas Novominsk,"1690 60th Street, Brooklyn, New York 11204-2138",https://yeshivasnovominsk.com/,"4-year, primarily associate's, Private not-for-profit",-
Yeshivas Sanz Klauzenburg,"1420 50th Street, Brooklyn, New York 11219-3631",https://yeshivasanzk.org/,"4-year, Private not-for-profit",-
Yeshivat Hechal Shemuel,"1719 Avenue P, Brooklyn, New York 11229-0000",hechalshemuel.com/,"4-year, primarily associate's, Private not-for-profit",-
Yeshivath Shaar Hatorah,"117-06 84 Ave, Kew Gardens, New York 11418",shaarhatorah.edu/,"4-year, Private not-for-profit",-
Yeshivath Viznitz,"15 Elyon Road, Monsey, New York 10952",https://yeshivathviznitz.com/,"4-year, Private not-for-profit",-
Yeshivath Zichron Moshe,"84 Zichron Moshe Way, South Fallsburg, New York 12779",https://yeshivathzichronmoshe.com/,"4-year, primarily associate's, Private not-for-profit",-
